{"epoch": 10, "train_loss": 0.6210968729427883, "train_accuracy": 0.9857142857142858, "_timestamp": 1720087741.9540982, "_runtime": 176.02971029281616, "_step": 19, "val_loss": 0.12405282497406006, "val_accuracy": 0.5466666666666666, "_wandb": {"runtime": 175}}